{"Event 0":{"Jets":{"ECal Clusters":[{"energy":3757.63525390625,"eta":0.0,"phi":2.8756887912750244}]},"event number":0,"run number":666},"Event 1":{"Jets":{"ECal Clusters":[{"energy":4345.91748046875,"eta":0.0,"phi":-2.2490007877349854}]},"event number":1,"run number":666},"Event 2":{"Jets":{"ECal Clusters":[{"energy":4945.97607421875,"eta":0.0,"phi":-1.3675284385681152}]},"event number":2,"run number":666},"Event 3":{"Jets":{"ECal Clusters":[{"energy":4333.708984375,"eta":0.0,"phi":-2.3016319274902344}]},"event number":3,"run number":666},"Event 4":{"Jets":{"ECal Clusters":[{"energy":4709.76220703125,"eta":0.0,"phi":1.1330358982086182}]},"event number":4,"run number":666},"Event 5":{"Jets":{"ECal Clusters":[{"energy":3853.818115234375,"eta":0.0,"phi":-2.5555167198181152}]},"event number":5,"run number":666},"Event 6":{"Jets":{"ECal Clusters":[{"energy":3804.38623046875,"eta":0.0,"phi":-2.2446577548980713}]},"event number":6,"run number":666},"Event 7":{"Jets":{"ECal Clusters":[{"energy":574.6824340820313,"eta":0.0,"phi":-0.12962937355041504}]},"event number":7,"run number":666},"Event 8":{"Jets":{"ECal Clusters":[{"energy":2724.595703125,"eta":0.0,"phi":-0.6309918165206909}]},"event number":8,"run number":666},"Event 9":{"Jets":{"ECal Clusters":[{"energy":4229.06640625,"eta":0.0,"phi":0.9889153838157654}]},"event number":9,"run number":666}}
