{
    "Event 0": {
        "calo_clusters": [
            {
                "clusters": [],
                "directionError": {
                    "x": 0.0,
                    "y": 0.0,
                    "z": 0.0
                },
                "energy": 1.1580110788345337,
                "energyError": 0.0,
                "hits": [],
                "iTheta": 0.0,
                "particleIDs": [],
                "phi": 0.0,
                "position": {
                    "x": 0.7515270709991455,
                    "y": -0.6597022414207458,
                    "z": 0.17967213690280914
                },
                "positionError": [
                    0.0,
                    0.0,
                    0.0,
                    0.0,
                    0.0,
                    0.0
                ],
                "shapeParameters": [],
                "subdetectorEnergies": [],
                "type": 0
            }
        ]
    },
    "Event 1": {
        "calo_clusters": [
            {
                "clusters": [],
                "directionError": {
                    "x": 0.0,
                    "y": 0.0,
                    "z": 0.0
                },
                "energy": 1.1348847150802612,
                "energyError": 0.0,
                "hits": [],
                "iTheta": 0.0,
                "particleIDs": [],
                "phi": 0.0,
                "position": {
                    "x": -0.8691834807395935,
                    "y": -0.4944896697998047,
                    "z": -0.6137422919273376
                },
                "positionError": [
                    0.0,
                    0.0,
                    0.0,
                    0.0,
                    0.0,
                    0.0
                ],
                "shapeParameters": [],
                "subdetectorEnergies": [],
                "type": 0
            }
        ]
    },
    "Event 10": {
        "calo_clusters": [
            {
                "clusters": [],
                "directionError": {
                    "x": 0.0,
                    "y": 0.0,
                    "z": 0.0
                },
                "energy": 1.0375958681106567,
                "energyError": 0.0,
                "hits": [],
                "iTheta": 0.0,
                "particleIDs": [],
                "phi": 0.0,
                "position": {
                    "x": 0.29296278953552246,
                    "y": -0.9561238288879395,
                    "z": -0.21435363590717316
                },
                "positionError": [
                    0.0,
                    0.0,
                    0.0,
                    0.0,
                    0.0,
                    0.0
                ],
                "shapeParameters": [],
                "subdetectorEnergies": [],
                "type": 0
            }
        ]
    },
    "Event 11": {
        "calo_clusters": [
            {
                "clusters": [],
                "directionError": {
                    "x": 0.0,
                    "y": 0.0,
                    "z": 0.0
                },
                "energy": 0.9862914681434631,
                "energyError": 0.0,
                "hits": [],
                "iTheta": 0.0,
                "particleIDs": [],
                "phi": 0.0,
                "position": {
                    "x": 0.9694318771362305,
                    "y": 0.24536053836345673,
                    "z": -0.7188326716423035
                },
                "positionError": [
                    0.0,
                    0.0,
                    0.0,
                    0.0,
                    0.0,
                    0.0
                ],
                "shapeParameters": [],
                "subdetectorEnergies": [],
                "type": 0
            }
        ]
    },
    "Event 12": {
        "calo_clusters": [
            {
                "clusters": [],
                "directionError": {
                    "x": 0.0,
                    "y": 0.0,
                    "z": 0.0
                },
                "energy": 1.0625604391098022,
                "energyError": 0.0,
                "hits": [],
                "iTheta": 0.0,
                "particleIDs": [],
                "phi": 0.0,
                "position": {
                    "x": -0.7693011164665222,
                    "y": -0.6388863921165466,
                    "z": -0.7450088858604431
                },
                "positionError": [
                    0.0,
                    0.0,
                    0.0,
                    0.0,
                    0.0,
                    0.0
                ],
                "shapeParameters": [],
                "subdetectorEnergies": [],
                "type": 0
            }
        ]
    },
    "Event 13": {
        "calo_clusters": [
            {
                "clusters": [],
                "directionError": {
                    "x": 0.0,
                    "y": 0.0,
                    "z": 0.0
                },
                "energy": 1.2530591487884521,
                "energyError": 0.0,
                "hits": [],
                "iTheta": 0.0,
                "particleIDs": [],
                "phi": 0.0,
                "position": {
                    "x": 0.3923766613006592,
                    "y": -0.9198046326637268,
                    "z": 0.5819037556648254
                },
                "positionError": [
                    0.0,
                    0.0,
                    0.0,
                    0.0,
                    0.0,
                    0.0
                ],
                "shapeParameters": [],
                "subdetectorEnergies": [],
                "type": 0
            }
        ]
    },
    "Event 14": {
        "calo_clusters": [
            {
                "clusters": [],
                "directionError": {
                    "x": 0.0,
                    "y": 0.0,
                    "z": 0.0
                },
                "energy": 1.1745301485061646,
                "energyError": 0.0,
                "hits": [],
                "iTheta": 0.0,
                "particleIDs": [],
                "phi": 0.0,
                "position": {
                    "x": -0.7520024180412292,
                    "y": 0.6591603755950928,
                    "z": -0.5893164277076721
                },
                "positionError": [
                    0.0,
                    0.0,
                    0.0,
                    0.0,
                    0.0,
                    0.0
                ],
                "shapeParameters": [],
                "subdetectorEnergies": [],
                "type": 0
            }
        ]
    },
    "Event 2": {
        "calo_clusters": [
            {
                "clusters": [],
                "directionError": {
                    "x": 0.0,
                    "y": 0.0,
                    "z": 0.0
                },
                "energy": 1.1079370975494385,
                "energyError": 0.0,
                "hits": [],
                "iTheta": 0.0,
                "particleIDs": [],
                "phi": 0.0,
                "position": {
                    "x": 0.9891952276229858,
                    "y": 0.14660441875457764,
                    "z": -0.7112765312194824
                },
                "positionError": [
                    0.0,
                    0.0,
                    0.0,
                    0.0,
                    0.0,
                    0.0
                ],
                "shapeParameters": [],
                "subdetectorEnergies": [],
                "type": 0
            }
        ]
    },
    "Event 3": {
        "calo_clusters": [
            {
                "clusters": [],
                "directionError": {
                    "x": 0.0,
                    "y": 0.0,
                    "z": 0.0
                },