{"Event 0":{"Jets":{"ECal Clusters":[{"energy":4826.41845703125,"eta":0.18056286871433258,"phi":-0.7129716277122498}]},"event number":0,"run number":0},"Event 1":{"Jets":{"ECal Clusters":[{"energy":4853.22705078125,"eta":-0.5796148777008057,"phi":-2.6229424476623535}]},"event number":1,"run number":0},"Event 2":{"Jets":{"ECal Clusters":[{"energy":5072.4775390625,"eta":-0.6539866924285889,"phi":0.15047983825206757}]},"event number":2,"run number":0},"Event 3":{"Jets":{"ECal Clusters":[{"energy":4846.3564453125,"eta":-0.5296298265457153,"phi":-0.5207623839378357}]},"event number":3,"run number":0},"Event 4":{"Jets":{"ECal Clusters":[{"energy":4995.68212890625,"eta":0.6627234220504761,"phi":2.8095834255218506}]},"event number":4,"run number":0},"Event 5":{"Jets":{"ECal Clusters":[{"energy":4913.32666015625,"eta":-0.4101872742176056,"phi":-2.4500534534454346}]},"event number":5,"run number":0},"Event 6":{"Jets":{"ECal Clusters":[{"energy":5004.37255859375,"eta":-0.7388460040092468,"phi":-0.714277982711792}]},"event number":6,"run number":0},"Event 7":{"Jets":{"ECal Clusters":[{"energy":4897.8994140625,"eta":-0.1277465671300888,"phi":1.4555964469909668}]},"event number":7,"run number":0},"Event 8":{"Jets":{"ECal Clusters":[{"energy":4974.68212890625,"eta":-0.5799462199211121,"phi":2.147538423538208}]},"event number":8,"run number":0},"Event 9":{"Jets":{"ECal Clusters":[{"energy":4940.68212890625,"eta":0.7299672961235046,"phi":2.5723400115966797}]},"event number":9,"run number":0}}
